{
    "w": [
        0.18193478693240012,
        0.23499073952415953
    ],
    "b": 0.35905593218474036,
    "x_max": [
        4478,
        5
    ],
    "y_max": 699900.0
}