{
    "model": "Regression",
    "w": [
        0.11540168107255969,
        0.12317310416557806,
        0.13068199461957386,
        0.12584408086659613
    ],
    "b": 0.2846363356697305,
    "x_max": [
        8.4,
        30.6,
        20.6,
        26.1
    ],
    "y_max": 522.0
}