{
    "model": "Regression",
    "w": [
        0.11540168107255967,
        0.12317310416557802,
        0.13068199461957408,
        0.12584408086659607
    ],
    "b": 0.2846363356697303,
    "x_max": [
        8.4,
        30.6,
        20.6,
        26.1
    ],
    "y_max": 522.0
}