{
    "model": "Regression",
    "w": [
        0.002805933062907319,
        0.002211536053234321,
        0.001429689915466634,
        0.00011360702016492665,
        0.0032165903901750065,
        0.0001812309045106967,
        0.0009140914841703838,
        0.004771045201233243,
        0.0017126992756937012,
        0.0006725106371660777,
        0.00670111649135003,
        0.002442291075068212
    ],
    "b": 0.006843551975416921,
    "x_max": [
        9.0,
        8.0,
        13540.0,
        1074218.0,
        3.5,
        1.0,
        4.0,
        5.0,
        9410.0,
        4820.0,
        2014.0,
        2014.0
    ],
    "y_max": 26590000.0
}