{
    "w": [
        0.002805933062907318,
        0.0022115360532343202,
        0.0014296899154666338,
        0.00011360702016492667,
        0.0032165903901750035,
        0.0001812309045106967,
        0.0009140914841703837,
        0.004771045201233246,
        0.0017126992756936995,
        0.0006725106371660775,
        0.006701116491350032,
        0.002442291075068212
    ],
    "b": 0.00684355197541692,
    "x_max": [
        9.0,
        8.0,
        13540.0,
        1074218.0,
        3.5,
        1.0,
        4.0,
        5.0,
        9410.0,
        4820.0,
        2014.0,
        2014.0
    ],
    "y_max": 26590000.0
}